{"cameraMode":{"drawMode":0,"name":"Shaded","section":"Shading Mode"},"sceneLighting":true,"audioPlay":false,"sceneViewState":{"showFog":true,"showMaterialUpdate":false,"showSkybox":true,"showFlares":true,"showImageEffects":true,"showParticleSystems":true},"in2DMode":false,"pivot":{"x":292.0042419433594,"y":99.63247680664063,"z":782.7999267578125},"rotation":{"x":0.035002972930669788,"y":0.938073456287384,"z":-0.10071992874145508,"w":0.33012348413467409},"size":119.71357727050781,"orthographic":false}